Timestamp,OS,Arch,CPU,hostd Version,renterd Version,Upload Speed,Download Speed,TTFB
2024-09-25T20:02:36Z,linux,amd64,AMD EPYC 7763 64-Core Processor,v1.1.3-0.20240925073821-c706cf29d02c,v1.1.0-beta.4.0.20240924095414-ccf2c9e57233,1777.5040 Mbps,1198.2717 Mbps,80 ms
2024-09-26T03:13:13Z,linux,amd64,AMD EPYC 7763 64-Core Processor,v1.1.3-0.20240925073821-c706cf29d02c,v1.1.0-beta.4.0.20240924095414-ccf2c9e57233,1830.0968 Mbps,1187.4291 Mbps,76 ms
2024-09-28T00:21:14Z,linux,amd64,AMD EPYC 7763 64-Core Processor,v1.1.3-0.20240925073821-c706cf29d02c,v1.1.0-beta.4.0.20240926133223-fe965941b4f0,1716.6162 Mbps,1199.7829 Mbps,92 ms
2024-09-29T00:23:33Z,linux,amd64,AMD EPYC 7763 64-Core Processor,v1.1.3-0.20240925073821-c706cf29d02c,v1.1.0-beta.4.0.20240928084919-42f818bb0f66,1759.7191 Mbps,1216.9561 Mbps,78 ms
2024-09-30T00:22:25Z,linux,amd64,AMD EPYC 7763 64-Core Processor,v1.1.3-0.20240925073821-c706cf29d02c,v1.1.0-beta.4.0.20240928084919-42f818bb0f66,1811.5953 Mbps,1226.2140 Mbps,66 ms
2024-10-01T00:23:44Z,linux,amd64,AMD EPYC 7763 64-Core Processor,v1.1.3-0.20240925073821-c706cf29d02c,v1.1.0-beta.4.0.20240928084919-42f818bb0f66,1784.8402 Mbps,1199.8135 Mbps,64 ms
2024-10-02T00:20:28Z,linux,amd64,AMD EPYC 7763 64-Core Processor,v1.1.3-0.20240925073821-c706cf29d02c,v1.1.0-beta.4.0.20240928084919-42f818bb0f66,1728.7145 Mbps,1214.0812 Mbps,67 ms
2024-10-07T20:50:58Z,linux,amd64,AMD EPYC 7763 64-Core Processor,v1.1.3-0.20241007200428-58d2cc50a7cd,v1.1.0-beta.4.0.20241007204017-7e603553eb9f,1426.6785 Mbps,1231.8777 Mbps,75 ms
2024-10-08T00:20:40Z,linux,amd64,AMD EPYC 7763 64-Core Processor,v1.1.3-0.20241007202339-502878064062,v1.1.0-beta.4.0.20241007204017-7e603553eb9f,1788.9187 Mbps,1211.8691 Mbps,88 ms
2024-10-09T00:20:47Z,linux,amd64,AMD EPYC 7763 64-Core Processor,v1.1.3-0.20241007202339-502878064062,v1.1.0-beta.4.0.20241007204017-7e603553eb9f,1764.0226 Mbps,1192.7624 Mbps,88 ms
2024-10-10T00:20:27Z,linux,amd64,AMD EPYC 7763 64-Core Processor,v1.1.3-0.20241007202339-502878064062,v1.1.0-beta.4.0.20241007204017-7e603553eb9f,1836.6326 Mbps,1221.9590 Mbps,83 ms
2024-10-11T00:20:29Z,linux,amd64,AMD EPYC 7763 64-Core Processor,v1.1.3-0.20241007202339-502878064062,v1.1.0-beta.4.0.20241007204017-7e603553eb9f,1742.4762 Mbps,1208.7771 Mbps,93 ms
2024-10-12T00:21:43Z,linux,amd64,AMD EPYC 7763 64-Core Processor,v1.1.3-0.20241007202339-502878064062,v1.1.0-beta.4.0.20241007204017-7e603553eb9f,1554.5766 Mbps,1165.7430 Mbps,83 ms
2024-10-13T00:21:37Z,linux,amd64,AMD EPYC 7763 64-Core Processor,v1.1.3-0.20241007202339-502878064062,v1.1.0-beta.4.0.20241007204017-7e603553eb9f,1842.4636 Mbps,1199.0070 Mbps,79 ms
2024-10-14T00:21:11Z,linux,amd64,AMD EPYC 7763 64-Core Processor,v1.1.3-0.20241007202339-502878064062,v1.1.0-beta.4.0.20241007204017-7e603553eb9f,1807.0326 Mbps,1186.8424 Mbps,85 ms
2024-10-15T00:21:06Z,linux,amd64,AMD EPYC 7763 64-Core Processor,v1.1.3-0.20241014201321-319f32e19b44,v1.1.0-beta.4.0.20241007204017-7e603553eb9f,1818.2319 Mbps,1203.8507 Mbps,88 ms
2024-10-16T00:20:30Z,linux,amd64,AMD EPYC 7763 64-Core Processor,v1.1.3-0.20241014201321-319f32e19b44,v1.1.0-beta.4.0.20241007204017-7e603553eb9f,1664.6173 Mbps,1165.7713 Mbps,85 ms
2024-10-17T00:20:31Z,linux,amd64,AMD EPYC 7763 64-Core Processor,v1.1.3-0.20241014201321-319f32e19b44,v1.1.0-beta.4.0.20241007204017-7e603553eb9f,1881.0369 Mbps,1199.2157 Mbps,78 ms
2024-10-18T00:20:25Z,linux,amd64,AMD EPYC 7763 64-Core Processor,v1.1.3-0.20241014201321-319f32e19b44,v1.1.0-beta.4.0.20241007204017-7e603553eb9f,1844.1307 Mbps,1200.1656 Mbps,85 ms
2024-10-19T00:20:22Z,linux,amd64,AMD EPYC 7763 64-Core Processor,v1.1.3-0.20241014201321-319f32e19b44,v1.1.0-beta.4.0.20241007204017-7e603553eb9f,1864.6412 Mbps,1255.7557 Mbps,80 ms
2024-10-20T00:21:59Z,linux,amd64,AMD EPYC 7763 64-Core Processor,v1.1.3-0.20241014201321-319f32e19b44,v1.1.0-beta.4.0.20241007204017-7e603553eb9f,1821.5993 Mbps,1220.5122 Mbps,81 ms
2024-10-21T00:21:44Z,linux,amd64,AMD EPYC 7763 64-Core Processor,v1.1.3-0.20241020183255-59e32bbd49cd,v1.1.0-beta.4.0.20241007204017-7e603553eb9f,1676.0008 Mbps,1229.0993 Mbps,85 ms
2024-10-22T00:21:44Z,linux,amd64,AMD EPYC 7763 64-Core Processor,v1.1.3-0.20241020183255-59e32bbd49cd,v1.1.0-beta.4.0.20241021105415-2b37120e8b47,1769.6230 Mbps,1226.3123 Mbps,77 ms
2024-10-23T00:21:09Z,linux,amd64,AMD EPYC 7763 64-Core Processor,v1.1.3-0.20241022083902-7d61fc09be7c,v1.1.0-beta.4.0.20241022091924-19bcf6864201,1822.0436 Mbps,1207.0197 Mbps,89 ms
2024-10-24T15:49:22Z,linux,amd64,AMD EPYC 7763 64-Core Processor,v1.1.3-0.20241022083902-7d61fc09be7c,v1.1.0-beta.4.0.20241023123004-609d9c36d290,1854.5565 Mbps,1221.8360 Mbps,83 ms
2024-10-25T00:20:41Z,linux,amd64,AMD EPYC 7763 64-Core Processor,v1.1.3-0.20241022083902-7d61fc09be7c,v1.1.0-beta.4.0.20241023123004-609d9c36d290,1693.2660 Mbps,1137.7181 Mbps,98 ms
2024-10-26T05:50:49Z,linux,amd64,AMD EPYC 7763 64-Core Processor,v1.1.3-0.20241022083902-7d61fc09be7c,v1.1.0-beta.4.0.20241025151653-2b933326be16,1641.4725 Mbps,1141.4111 Mbps,104 ms
2024-10-26T06:02:37Z,linux,amd64,AMD EPYC 7763 64-Core Processor,v1.1.3-0.20241022083902-7d61fc09be7c,v1.1.0-beta.4.0.20241025151653-2b933326be16,1714.2619 Mbps,1213.6628 Mbps,84 ms
2024-10-26T07:49:54Z,linux,amd64,AMD EPYC 7763 64-Core Processor,v1.1.3-0.20241022083902-7d61fc09be7c,v1.1.0-beta.4.0.20241025151653-2b933326be16,1801.8736 Mbps,1250.9004 Mbps,76 ms
2024-10-26T15:58:45Z,linux,amd64,AMD EPYC 7763 64-Core Processor,v1.1.3-0.20241026011256-0583e159b20e,v1.1.0-beta.4.0.20241025151653-2b933326be16,1727.2905 Mbps,1145.9799 Mbps,88 ms
2024-10-26T16:36:26Z,linux,amd64,AMD EPYC 7763 64-Core Processor,v1.1.3-0.20241026011256-0583e159b20e,v1.1.0-beta.4.0.20241025151653-2b933326be16,1805.3948 Mbps,1110.0667 Mbps,98 ms
2024-10-26T18:37:49Z,linux,amd64,AMD EPYC 7763 64-Core Processor,v1.1.3-0.20241026181511-878994988c26,v1.1.0-beta.4.0.20241025151653-2b933326be16,1810.7916 Mbps,1202.5519 Mbps,80 ms
2024-10-27T17:56:06Z,linux,amd64,AMD EPYC 7763 64-Core Processor,v1.1.3-0.20241026181511-878994988c26,v1.1.0-beta.4.0.20241025151653-2b933326be16,1742.0461 Mbps,1210.9602 Mbps,71 ms
2024-10-27T20:53:16Z,linux,amd64,AMD EPYC 7763 64-Core Processor,v1.1.3-0.20241026181511-878994988c26,v1.1.0-beta.4.0.20241025151653-2b933326be16,1825.8315 Mbps,1211.3685 Mbps,87 ms
2024-10-27T22:04:48Z,linux,amd64,AMD EPYC 7763 64-Core Processor,v1.1.3-0.20241026181511-878994988c26,v1.1.0-beta.4.0.20241025151653-2b933326be16,1861.7215 Mbps,1160.6267 Mbps,79 ms
2024-10-28T00:23:33Z,linux,amd64,AMD EPYC 7763 64-Core Processor,v1.1.3-0.20241027224440-bc406c086b3c,v1.1.0-beta.4.0.20241025151653-2b933326be16,1796.3111 Mbps,1106.1009 Mbps,66 ms
2024-10-28T03:16:24Z,linux,amd64,AMD EPYC 7763 64-Core Processor,v1.1.3-0.20241027224440-bc406c086b3c,v1.1.0-beta.4.0.20241025151653-2b933326be16,1813.1309 Mbps,1171.6909 Mbps,89 ms
2024-10-28T06:10:10Z,linux,amd64,AMD EPYC 7763 64-Core Processor,v1.1.3-0.20241027224440-bc406c086b3c,v1.1.0-beta.4.0.20241025151653-2b933326be16,1786.6716 Mbps,1120.9927 Mbps,113 ms
2024-10-28T09:09:11Z,linux,amd64,AMD EPYC 7763 64-Core Processor,v1.1.3-0.20241027224440-bc406c086b3c,v1.1.0-beta.4.0.20241025151653-2b933326be16,1643.9037 Mbps,1110.4980 Mbps,95 ms
2024-10-28T15:57:31Z,linux,amd64,AMD EPYC 7763 64-Core Processor,v1.1.3-0.20241028141324-e5eeff133133,v1.1.0-beta.4.0.20241028122623-c88d28fefd79,1714.7897 Mbps,1128.0925 Mbps,117 ms
2024-10-28T18:09:27Z,linux,amd64,AMD EPYC 7763 64-Core Processor,v1.1.3-0.20241028141324-e5eeff133133,v1.1.0-beta.4.0.20241028122623-c88d28fefd79,1671.9077 Mbps,1101.0346 Mbps,89 ms
2024-10-28T21:07:57Z,linux,amd64,AMD EPYC 7763 64-Core Processor,v1.1.3-0.20241028141324-e5eeff133133,v1.1.0-beta.4.0.20241028122623-c88d28fefd79,1828.3320 Mbps,1148.1333 Mbps,112 ms
2024-10-29T06:10:20Z,linux,amd64,AMD EPYC 7763 64-Core Processor,v1.1.3-0.20241028141324-e5eeff133133,v1.1.0-beta.4.0.20241028122623-c88d28fefd79,1733.0035 Mbps,1135.6976 Mbps,95 ms
2024-10-29T09:08:37Z,linux,amd64,AMD EPYC 7763 64-Core Processor,v1.1.3-0.20241028141324-e5eeff133133,v1.1.0-beta.4.0.20241028122623-c88d28fefd79,1695.6602 Mbps,1130.0011 Mbps,77 ms
2024-10-29T12:11:27Z,linux,amd64,AMD EPYC 7763 64-Core Processor,v1.1.3-0.20241028141324-e5eeff133133,v1.1.0-beta.4.0.20241028122623-c88d28fefd79,1747.5224 Mbps,1147.0957 Mbps,84 ms
2024-10-30T17:07:44Z,linux,amd64,AMD EPYC 7763 64-Core Processor,v1.1.3-0.20241028141324-e5eeff133133,v1.1.0-beta.4.0.20241030143417-e4fe42de199d,1661.5874 Mbps,1100.5389 Mbps,88 ms
2024-10-30T17:33:35Z,linux,amd64,AMD EPYC 7763 64-Core Processor,v1.1.3-0.20241028141324-e5eeff133133,v1.1.0-beta.4.0.20241030143417-e4fe42de199d,1698.9374 Mbps,1130.8318 Mbps,74 ms
2024-10-30T20:02:22Z,linux,amd64,AMD EPYC 7763 64-Core Processor,v1.1.3-0.20241028141324-e5eeff133133,v1.1.0-beta.4.0.20241030143417-e4fe42de199d,1731.8292 Mbps,1142.4308 Mbps,72 ms
2024-10-30T21:08:24Z,linux,amd64,AMD EPYC 7763 64-Core Processor,v1.1.3-0.20241028141324-e5eeff133133,v1.1.0-beta.4.0.20241030143417-e4fe42de199d,1722.0899 Mbps,1143.3040 Mbps,108 ms
2024-10-31T00:22:33Z,linux,amd64,AMD EPYC 7763 64-Core Processor,v1.1.3-0.20241028141324-e5eeff133133,v1.1.0-beta.4.0.20241030143417-e4fe42de199d,1789.2753 Mbps,1122.1732 Mbps,86 ms
2024-10-31T03:14:43Z,linux,amd64,AMD EPYC 7763 64-Core Processor,v1.1.3-0.20241028141324-e5eeff133133,v1.1.0-beta.4.0.20241030143417-e4fe42de199d,1738.3449 Mbps,1159.4183 Mbps,74 ms
2024-10-31T06:09:55Z,linux,amd64,AMD EPYC 7763 64-Core Processor,v1.1.3-0.20241028141324-e5eeff133133,v1.1.0-beta.4.0.20241030143417-e4fe42de199d,1689.5783 Mbps,1131.9001 Mbps,68 ms
2024-10-31T09:08:45Z,linux,amd64,AMD EPYC 7763 64-Core Processor,v1.1.3-0.20241028141324-e5eeff133133,v1.1.0-beta.4.0.20241030143417-e4fe42de199d,1712.9168 Mbps,1142.3976 Mbps,65 ms
2024-11-01T23:27:39Z,linux,amd64,AMD EPYC 7763 64-Core Processor,v1.1.3-0.20241101225313-7757ddcfc23f,v1.1.0-beta.4.0.20241101220719-9f67518242e8,1818.5443 Mbps,1176.2133 Mbps,96 ms
2024-11-02T00:22:29Z,linux,amd64,AMD EPYC 7763 64-Core Processor,v1.1.3-0.20241101225313-7757ddcfc23f,v1.1.0-beta.4.0.20241101220719-9f67518242e8,1775.3646 Mbps,1177.5273 Mbps,108 ms
2024-11-02T03:12:20Z,linux,amd64,AMD EPYC 7763 64-Core Processor,v1.1.3-0.20241101225313-7757ddcfc23f,v1.1.0-beta.4.0.20241101220719-9f67518242e8,1668.7398 Mbps,1181.7189 Mbps,81 ms
2024-11-02T06:09:38Z,linux,amd64,AMD EPYC 7763 64-Core Processor,v1.1.3-0.20241101225313-7757ddcfc23f,v1.1.0-beta.4.0.20241101220719-9f67518242e8,1734.4915 Mbps,1199.5301 Mbps,61 ms
2024-11-02T09:08:36Z,linux,amd64,AMD EPYC 7763 64-Core Processor,v1.1.3-0.20241101225313-7757ddcfc23f,v1.1.0-beta.4.0.20241101220719-9f67518242e8,1773.2226 Mbps,1186.4122 Mbps,92 ms
2024-11-02T12:10:57Z,linux,amd64,AMD EPYC 7763 64-Core Processor,v1.1.3-0.20241101225313-7757ddcfc23f,v1.1.0-beta.4.0.20241101220719-9f67518242e8,1686.8057 Mbps,1208.1741 Mbps,79 ms
2024-11-02T15:09:19Z,linux,amd64,AMD EPYC 7763 64-Core Processor,v1.1.3-0.20241101225313-7757ddcfc23f,v1.1.0-beta.4.0.20241101220719-9f67518242e8,1643.3331 Mbps,1167.3272 Mbps,79 ms
2024-11-02T18:09:19Z,linux,amd64,AMD EPYC 7763 64-Core Processor,v1.1.3-0.20241101225313-7757ddcfc23f,v1.1.0-beta.4.0.20241101220719-9f67518242e8,1757.7848 Mbps,1203.7671 Mbps,73 ms
2024-11-02T21:09:01Z,linux,amd64,AMD EPYC 7763 64-Core Processor,v1.1.3-0.20241101225313-7757ddcfc23f,v1.1.0-beta.4.0.20241101220719-9f67518242e8,1739.4983 Mbps,1185.8494 Mbps,75 ms
2024-11-03T00:24:47Z,linux,amd64,AMD EPYC 7763 64-Core Processor,v1.1.3-0.20241101225313-7757ddcfc23f,v1.1.0-beta.4.0.20241101220719-9f67518242e8,1750.8908 Mbps,1165.9353 Mbps,105 ms
2024-11-03T03:16:44Z,linux,amd64,AMD EPYC 7763 64-Core Processor,v1.1.3-0.20241101225313-7757ddcfc23f,v1.1.0-beta.4.0.20241101220719-9f67518242e8,1722.5220 Mbps,1176.1606 Mbps,106 ms
2024-11-03T06:10:12Z,linux,amd64,AMD EPYC 7763 64-Core Processor,v1.1.3-0.20241101225313-7757ddcfc23f,v1.1.0-beta.4.0.20241101220719-9f67518242e8,1743.6510 Mbps,1223.7176 Mbps,81 ms
2024-11-03T09:09:30Z,linux,amd64,AMD EPYC 7763 64-Core Processor,v1.1.3-0.20241101225313-7757ddcfc23f,v1.1.0-beta.4.0.20241101220719-9f67518242e8,1757.0361 Mbps,1162.0909 Mbps,119 ms
2024-11-03T12:10:56Z,linux,amd64,AMD EPYC 7763 64-Core Processor,v1.1.3-0.20241101225313-7757ddcfc23f,v1.1.0-beta.4.0.20241101220719-9f67518242e8,1667.0526 Mbps,1203.5686 Mbps,75 ms
2024-11-03T15:08:56Z,linux,amd64,AMD EPYC 7763 64-Core Processor,v1.1.3-0.20241101225313-7757ddcfc23f,v1.1.0-beta.4.0.20241101220719-9f67518242e8,1700.1335 Mbps,1196.2601 Mbps,68 ms
2024-11-03T18:09:40Z,linux,amd64,AMD EPYC 7763 64-Core Processor,v1.1.3-0.20241101225313-7757ddcfc23f,v1.1.0-beta.4.0.20241101220719-9f67518242e8,1735.7137 Mbps,1177.3228 Mbps,101 ms
2024-11-03T21:08:47Z,linux,amd64,AMD EPYC 7763 64-Core Processor,v1.1.3-0.20241101225313-7757ddcfc23f,v1.1.0-beta.4.0.20241101220719-9f67518242e8,1700.5052 Mbps,1178.1600 Mbps,114 ms
2024-11-04T00:23:57Z,linux,amd64,AMD EPYC 7763 64-Core Processor,v1.1.3-0.20241101225313-7757ddcfc23f,v1.1.0-beta.4.0.20241101220719-9f67518242e8,1723.3883 Mbps,1156.3392 Mbps,117 ms
2024-11-04T03:16:44Z,linux,amd64,AMD EPYC 7763 64-Core Processor,v1.1.3-0.20241101225313-7757ddcfc23f,v1.1.0-beta.4.0.20241101220719-9f67518242e8,1670.9526 Mbps,1199.2242 Mbps,65 ms
2024-11-04T06:10:58Z,linux,amd64,AMD EPYC 7763 64-Core Processor,v1.1.3-0.20241101225313-7757ddcfc23f,v1.1.0-beta.4.0.20241101220719-9f67518242e8,1741.4121 Mbps,1140.0804 Mbps,114 ms
2024-11-04T09:09:56Z,linux,amd64,AMD EPYC 7763 64-Core Processor,v1.1.3-0.20241101225313-7757ddcfc23f,v1.1.0-beta.4.0.20241104064157-62577b8fc5a2,1582.6669 Mbps,1162.1692 Mbps,84 ms
2024-11-04T12:12:01Z,linux,amd64,AMD EPYC 7763 64-Core Processor,v1.1.3-0.20241101225313-7757ddcfc23f,v1.1.0-beta.4.0.20241104064157-62577b8fc5a2,1704.5721 Mbps,1174.9105 Mbps,63 ms
2024-11-04T15:09:04Z,linux,amd64,AMD EPYC 7763 64-Core Processor,v1.1.3-0.20241101225313-7757ddcfc23f,v1.1.0-beta.4.0.20241104064157-62577b8fc5a2,1773.7651 Mbps,1196.8456 Mbps,75 ms
2024-11-04T18:10:00Z,linux,amd64,AMD EPYC 7763 64-Core Processor,v1.1.3-0.20241101225313-7757ddcfc23f,v1.1.0-beta.4.0.20241104064157-62577b8fc5a2,1839.5437 Mbps,1200.7629 Mbps,109 ms
2024-11-04T21:09:31Z,linux,amd64,AMD EPYC 7763 64-Core Processor,v1.1.3-0.20241101225313-7757ddcfc23f,v1.1.0-beta.4.0.20241104064157-62577b8fc5a2,1708.3835 Mbps,1188.0666 Mbps,76 ms
2024-11-05T00:22:48Z,linux,amd64,AMD EPYC 7763 64-Core Processor,v1.1.3-0.20241101225313-7757ddcfc23f,v1.1.0-beta.4.0.20241104064157-62577b8fc5a2,1745.8966 Mbps,1169.2849 Mbps,80 ms
2024-11-05T03:11:35Z,linux,amd64,AMD EPYC 7763 64-Core Processor,v1.1.3-0.20241101225313-7757ddcfc23f,v1.1.0-beta.4.0.20241104064157-62577b8fc5a2,1749.0877 Mbps,1210.4259 Mbps,66 ms
2024-11-05T06:10:26Z,linux,amd64,AMD EPYC 7763 64-Core Processor,v1.1.3-0.20241101225313-7757ddcfc23f,v1.1.0-beta.4.0.20241104064157-62577b8fc5a2,1686.2375 Mbps,1247.7998 Mbps,68 ms
2024-11-05T09:09:22Z,linux,amd64,AMD EPYC 7763 64-Core Processor,v1.1.3-0.20241101225313-7757ddcfc23f,v1.1.0-beta.4.0.20241105083914-3a463376fa02,1703.2816 Mbps,1157.4022 Mbps,85 ms
2024-11-05T12:12:12Z,linux,amd64,AMD EPYC 7763 64-Core Processor,v1.1.3-0.20241101225313-7757ddcfc23f,v1.1.0-beta.4.0.20241105094024-6de1694c8e69,1660.4737 Mbps,1218.3552 Mbps,86 ms
2024-11-05T15:09:34Z,linux,amd64,AMD EPYC 7763 64-Core Processor,v1.1.3-0.20241101225313-7757ddcfc23f,v1.1.0-beta.4.0.20241105144546-9f5647fc4b07,1687.7260 Mbps,1170.2038 Mbps,121 ms
2024-11-05T18:09:47Z,linux,amd64,AMD EPYC 7763 64-Core Processor,v1.1.3-0.20241101225313-7757ddcfc23f,v1.1.0-beta.4.0.20241105144546-9f5647fc4b07,1658.7737 Mbps,1136.3975 Mbps,74 ms
2024-11-05T21:08:58Z,linux,amd64,AMD EPYC 7763 64-Core Processor,v1.1.3-0.20241101225313-7757ddcfc23f,v1.1.0-beta.4.0.20241105144546-9f5647fc4b07,1640.0542 Mbps,1138.4946 Mbps,81 ms
2024-11-06T00:22:42Z,linux,amd64,AMD EPYC 7763 64-Core Processor,v1.1.3-0.20241101225313-7757ddcfc23f,v1.1.0-beta.4.0.20241105144546-9f5647fc4b07,1622.9111 Mbps,1145.7919 Mbps,85 ms
2024-11-06T03:11:18Z,linux,amd64,AMD EPYC 7763 64-Core Processor,v1.1.3-0.20241101225313-7757ddcfc23f,v1.1.0-beta.4.0.20241105144546-9f5647fc4b07,1689.3534 Mbps,1108.7338 Mbps,113 ms
2024-11-06T06:10:32Z,linux,amd64,AMD EPYC 7763 64-Core Processor,v1.1.3-0.20241101225313-7757ddcfc23f,v1.1.0-beta.4.0.20241105144546-9f5647fc4b07,1747.4214 Mbps,1156.3204 Mbps,77 ms
2024-11-06T09:10:10Z,linux,amd64,AMD EPYC 7763 64-Core Processor,v1.1.3-0.20241101225313-7757ddcfc23f,v1.1.0-beta.4.0.20241106082725-3702bc279f0f,1644.1469 Mbps,1138.1219 Mbps,91 ms
2024-11-06T12:12:02Z,linux,amd64,AMD EPYC 7763 64-Core Processor,v1.1.3-0.20241101225313-7757ddcfc23f,v1.1.0-beta.4.0.20241106095006-9d1303f86224,1420.8178 Mbps,1135.2955 Mbps,116 ms
2024-11-06T15:08:59Z,linux,amd64,AMD EPYC 7763 64-Core Processor,v1.1.3-0.20241101225313-7757ddcfc23f,v1.1.0-beta.4.0.20241106095006-9d1303f86224,1670.0003 Mbps,1120.7399 Mbps,94 ms
2024-11-06T18:10:18Z,linux,amd64,AMD EPYC 7763 64-Core Processor,v1.1.3-0.20241101225313-7757ddcfc23f,v1.1.0-beta.4.0.20241106153643-ce6eb6b187e7,1648.6771 Mbps,1091.6430 Mbps,121 ms
2024-11-06T21:09:04Z,linux,amd64,AMD EPYC 7763 64-Core Processor,v1.1.3-0.20241101225313-7757ddcfc23f,v1.1.0-beta.4.0.20241106153643-ce6eb6b187e7,1611.6988 Mbps,1185.2184 Mbps,61 ms
2024-11-07T00:22:57Z,linux,amd64,AMD EPYC 7763 64-Core Processor,v1.1.3-0.20241101225313-7757ddcfc23f,v1.1.0-beta.4.0.20241106153643-ce6eb6b187e7,1701.8685 Mbps,1172.2616 Mbps,69 ms
2024-11-07T03:13:16Z,linux,amd64,AMD EPYC 7763 64-Core Processor,v1.1.3-0.20241101225313-7757ddcfc23f,v1.1.0-beta.4.0.20241106153643-ce6eb6b187e7,1688.4542 Mbps,1153.8048 Mbps,75 ms
2024-11-07T06:10:25Z,linux,amd64,AMD EPYC 7763 64-Core Processor,v1.1.3-0.20241101225313-7757ddcfc23f,v1.1.0-beta.4.0.20241106153643-ce6eb6b187e7,1616.9781 Mbps,1136.9128 Mbps,97 ms
2024-11-07T09:09:04Z,linux,amd64,AMD EPYC 7763 64-Core Processor,v1.1.3-0.20241101225313-7757ddcfc23f,v1.1.0-beta.4.0.20241106153643-ce6eb6b187e7,1745.6863 Mbps,1124.8201 Mbps,78 ms
2024-11-07T12:11:45Z,linux,amd64,AMD EPYC 7763 64-Core Processor,v1.1.3-0.20241101225313-7757ddcfc23f,v1.1.0-beta.5.0.20241107104343-c77dcc253838,1615.3717 Mbps,1124.2976 Mbps,83 ms
2024-11-07T15:11:30Z,linux,amd64,AMD EPYC 7763 64-Core Processor,v1.1.3-0.20241101225313-7757ddcfc23f,v1.1.0-beta.5.0.20241107104343-c77dcc253838,1639.6580 Mbps,1157.1109 Mbps,72 ms
2024-11-07T18:09:56Z,linux,amd64,AMD EPYC 7763 64-Core Processor,v1.1.3-0.20241101225313-7757ddcfc23f,v1.1.0-beta.5.0.20241107104343-c77dcc253838,1786.0534 Mbps,1132.2025 Mbps,97 ms
2024-11-07T21:08:37Z,linux,amd64,AMD EPYC 7763 64-Core Processor,v1.1.3-0.20241101225313-7757ddcfc23f,v1.1.0-beta.5.0.20241107104343-c77dcc253838,1754.8892 Mbps,1157.0890 Mbps,70 ms
2024-11-08T00:22:38Z,linux,amd64,AMD EPYC 7763 64-Core Processor,v1.1.3-0.20241101225313-7757ddcfc23f,v1.1.0-beta.5.0.20241107104343-c77dcc253838,1640.5530 Mbps,1104.8023 Mbps,119 ms
2024-11-08T03:12:00Z,linux,amd64,AMD EPYC 7763 64-Core Processor,v1.1.3-0.20241101225313-7757ddcfc23f,v1.1.0-beta.5.0.20241107104343-c77dcc253838,1608.4956 Mbps,1132.8984 Mbps,79 ms
2024-11-08T06:10:14Z,linux,amd64,AMD EPYC 7763 64-Core Processor,v1.1.3-0.20241101225313-7757ddcfc23f,v1.1.0-beta.5.0.20241107104343-c77dcc253838,1751.3976 Mbps,1164.6701 Mbps,73 ms
2024-11-08T09:09:16Z,linux,amd64,AMD EPYC 7763 64-Core Processor,v1.1.3-0.20241101225313-7757ddcfc23f,v1.1.0-beta.5.0.20241108082622-60cf0f2c8513,1784.7875 Mbps,1103.9884 Mbps,116 ms
2024-11-08T19:32:33Z,linux,amd64,AMD EPYC 7763 64-Core Processor,v1.1.3-0.20241101225313-7757ddcfc23f,v1.1.0-beta.5.0.20241108111642-4b0f42a3d24f,1659.2346 Mbps,1190.7300 Mbps,79 ms
2024-11-08T21:08:46Z,linux,amd64,AMD EPYC 7763 64-Core Processor,v1.1.3-0.20241101225313-7757ddcfc23f,v1.1.0-beta.5.0.20241108111642-4b0f42a3d24f,1615.5129 Mbps,1160.9391 Mbps,76 ms
2024-11-09T00:22:29Z,linux,amd64,AMD EPYC 7763 64-Core Processor,v1.1.3-0.20241101225313-7757ddcfc23f,v1.1.0-beta.5.0.20241108111642-4b0f42a3d24f,1749.2292 Mbps,1123.4914 Mbps,106 ms
2024-11-09T03:11:10Z,linux,amd64,AMD EPYC 7763 64-Core Processor,v1.1.3-0.20241101225313-7757ddcfc23f,v1.1.0-beta.5.0.20241108111642-4b0f42a3d24f,1737.3736 Mbps,1159.8516 Mbps,60 ms
2024-11-09T06:09:33Z,linux,amd64,AMD EPYC 7763 64-Core Processor,v1.1.3-0.20241101225313-7757ddcfc23f,v1.1.0-beta.5.0.20241108111642-4b0f42a3d24f,1718.6934 Mbps,1137.9300 Mbps,116 ms
2024-11-09T09:08:36Z,linux,amd64,AMD EPYC 7763 64-Core Processor,v1.1.3-0.20241101225313-7757ddcfc23f,v1.1.0-beta.5.0.20241108111642-4b0f42a3d24f,1680.3396 Mbps,1146.8583 Mbps,83 ms
2024-11-09T12:10:34Z,linux,amd64,AMD EPYC 7763 64-Core Processor,v1.1.3-0.20241101225313-7757ddcfc23f,v1.1.0-beta.5.0.20241108111642-4b0f42a3d24f,1618.1506 Mbps,1130.0557 Mbps,97 ms
2024-11-09T15:08:46Z,linux,amd64,AMD EPYC 7763 64-Core Processor,v1.1.3-0.20241101225313-7757ddcfc23f,v1.1.0-beta.5.0.20241108111642-4b0f42a3d24f,1668.2060 Mbps,1102.0839 Mbps,116 ms
2024-11-09T18:09:16Z,linux,amd64,AMD EPYC 7763 64-Core Processor,v1.1.3-0.20241101225313-7757ddcfc23f,v1.1.0-beta.5.0.20241108111642-4b0f42a3d24f,1818.6008 Mbps,1178.8371 Mbps,103 ms
2024-11-09T21:08:42Z,linux,amd64,AMD EPYC 7763 64-Core Processor,v1.1.3-0.20241101225313-7757ddcfc23f,v1.1.0-beta.5.0.20241108111642-4b0f42a3d24f,1777.9750 Mbps,1161.1134 Mbps,78 ms
2024-11-10T00:24:08Z,linux,amd64,AMD EPYC 7763 64-Core Processor,v1.1.3-0.20241101225313-7757ddcfc23f,v1.1.0-beta.5.0.20241108111642-4b0f42a3d24f,1617.9452 Mbps,1146.9888 Mbps,73 ms
2024-11-10T03:13:21Z,linux,amd64,AMD EPYC 7763 64-Core Processor,v1.1.3-0.20241101225313-7757ddcfc23f,v1.1.0-beta.5.0.20241108111642-4b0f42a3d24f,1759.7324 Mbps,1133.6469 Mbps,115 ms
2024-11-10T06:09:41Z,linux,amd64,AMD EPYC 7763 64-Core Processor,v1.1.3-0.20241101225313-7757ddcfc23f,v1.1.0-beta.5.0.20241108111642-4b0f42a3d24f,1658.6753 Mbps,1163.0025 Mbps,77 ms
2024-11-10T09:08:37Z,linux,amd64,AMD EPYC 7763 64-Core Processor,v1.1.3-0.20241101225313-7757ddcfc23f,v1.1.0-beta.5.0.20241108111642-4b0f42a3d24f,1704.2908 Mbps,1168.6499 Mbps,77 ms
2024-11-10T12:10:37Z,linux,amd64,AMD EPYC 7763 64-Core Processor,v1.1.3-0.20241101225313-7757ddcfc23f,v1.1.0-beta.5.0.20241108111642-4b0f42a3d24f,1681.6129 Mbps,1193.7063 Mbps,75 ms
2024-11-10T15:08:31Z,linux,amd64,AMD EPYC 7763 64-Core Processor,v1.1.3-0.20241101225313-7757ddcfc23f,v1.1.0-beta.5.0.20241108111642-4b0f42a3d24f,1652.7958 Mbps,1128.5237 Mbps,117 ms
2024-11-10T18:09:02Z,linux,amd64,AMD EPYC 7763 64-Core Processor,v1.1.3-0.20241101225313-7757ddcfc23f,v1.1.0-beta.5.0.20241108111642-4b0f42a3d24f,1755.1114 Mbps,1158.4533 Mbps,105 ms
2024-11-10T21:08:32Z,linux,amd64,AMD EPYC 7763 64-Core Processor,v1.1.3-0.20241101225313-7757ddcfc23f,v1.1.0-beta.5.0.20241108111642-4b0f42a3d24f,1627.7624 Mbps,1137.9177 Mbps,117 ms
2024-11-11T00:23:19Z,linux,amd64,AMD EPYC 7763 64-Core Processor,v1.1.3-0.20241101225313-7757ddcfc23f,v1.1.0-beta.5.0.20241108111642-4b0f42a3d24f,1750.7431 Mbps,1122.4738 Mbps,104 ms
2024-11-11T03:12:56Z,linux,amd64,AMD EPYC 7763 64-Core Processor,v1.1.3-0.20241101225313-7757ddcfc23f,v1.1.0-beta.5.0.20241108111642-4b0f42a3d24f,1727.2627 Mbps,1220.0965 Mbps,60 ms
2024-11-11T06:10:33Z,linux,amd64,AMD EPYC 7763 64-Core Processor,v1.1.3-0.20241101225313-7757ddcfc23f,v1.1.0-beta.5.0.20241108111642-4b0f42a3d24f,1638.4771 Mbps,1164.0929 Mbps,65 ms
2024-11-11T09:09:31Z,linux,amd64,AMD EPYC 7763 64-Core Processor,v1.1.3-0.20241101225313-7757ddcfc23f,v1.1.0-beta.5.0.20241108111642-4b0f42a3d24f,1755.5400 Mbps,1134.2763 Mbps,106 ms
2024-11-11T12:11:52Z,linux,amd64,AMD EPYC 7763 64-Core Processor,v1.1.3-0.20241101225313-7757ddcfc23f,v1.1.0-beta.5.0.20241108111642-4b0f42a3d24f,1674.5179 Mbps,1104.4447 Mbps,75 ms
2024-11-11T15:08:54Z,linux,amd64,AMD EPYC 7763 64-Core Processor,v1.1.3-0.20241101225313-7757ddcfc23f,v1.1.0-beta.5.0.20241108111642-4b0f42a3d24f,1616.9020 Mbps,1086.4880 Mbps,88 ms
2024-11-11T18:09:53Z,linux,amd64,AMD EPYC 7763 64-Core Processor,v1.1.3-0.20241101225313-7757ddcfc23f,v1.1.0-beta.5.0.20241108111642-4b0f42a3d24f,1749.3459 Mbps,1125.2207 Mbps,92 ms
2024-11-11T21:08:56Z,linux,amd64,AMD EPYC 7763 64-Core Processor,v1.1.3-0.20241101225313-7757ddcfc23f,v1.1.0-beta.5.0.20241108111642-4b0f42a3d24f,1691.3816 Mbps,1177.1980 Mbps,56 ms
2024-11-12T00:22:30Z,linux,amd64,AMD EPYC 7763 64-Core Processor,v1.1.3-0.20241101225313-7757ddcfc23f,v1.1.0-beta.5.0.20241108111642-4b0f42a3d24f,1668.0065 Mbps,1130.8189 Mbps,114 ms
2024-11-12T03:10:31Z,linux,amd64,AMD EPYC 7763 64-Core Processor,v1.1.3-0.20241101225313-7757ddcfc23f,v1.1.0-beta.5.0.20241108111642-4b0f42a3d24f,1635.1940 Mbps,1160.5863 Mbps,114 ms
2024-11-12T06:10:29Z,linux,amd64,AMD EPYC 7763 64-Core Processor,v1.1.3-0.20241101225313-7757ddcfc23f,v1.1.0-beta.5.0.20241108111642-4b0f42a3d24f,1647.6581 Mbps,1195.9934 Mbps,72 ms
2024-11-12T09:09:29Z,linux,amd64,AMD EPYC 7763 64-Core Processor,v1.1.3-0.20241101225313-7757ddcfc23f,v1.1.0-beta.5.0.20241112083934-199a56758132,1723.2552 Mbps,1166.0728 Mbps,92 ms
2024-11-12T12:11:57Z,linux,amd64,AMD EPYC 7763 64-Core Processor,v1.1.3-0.20241101225313-7757ddcfc23f,v1.1.0-beta.5.0.20241112083934-199a56758132,1723.0331 Mbps,1197.0672 Mbps,70 ms
2024-11-12T15:09:05Z,linux,amd64,AMD EPYC 7763 64-Core Processor,v1.1.3-0.20241101225313-7757ddcfc23f,v1.1.0-beta.5.0.20241112083934-199a56758132,1601.8400 Mbps,1131.8955 Mbps,113 ms
2024-11-12T18:10:22Z,linux,amd64,AMD EPYC 7763 64-Core Processor,v1.1.3-0.20241101225313-7757ddcfc23f,v1.1.0-beta.5.0.20241112153459-92ed015c8743,1692.3807 Mbps,1123.8904 Mbps,107 ms
2024-11-12T21:08:28Z,linux,amd64,AMD EPYC 7763 64-Core Processor,v1.1.3-0.20241101225313-7757ddcfc23f,v1.1.0-beta.5.0.20241112153459-92ed015c8743,1650.1286 Mbps,1202.8391 Mbps,81 ms
2024-11-13T00:22:49Z,linux,amd64,AMD EPYC 7763 64-Core Processor,v1.1.3-0.20241101225313-7757ddcfc23f,v1.1.0-beta.5.0.20241112153459-92ed015c8743,1646.5528 Mbps,1131.2155 Mbps,97 ms
2024-11-13T03:12:29Z,linux,amd64,AMD EPYC 7763 64-Core Processor,v1.1.3-0.20241101225313-7757ddcfc23f,v1.1.0-beta.5.0.20241112153459-92ed015c8743,1686.2713 Mbps,1151.4966 Mbps,77 ms
2024-11-13T06:10:33Z,linux,amd64,AMD EPYC 7763 64-Core Processor,v1.1.3-0.20241101225313-7757ddcfc23f,v1.1.0-beta.5.0.20241112153459-92ed015c8743,1692.0043 Mbps,1111.3579 Mbps,110 ms
2024-11-13T09:09:24Z,linux,amd64,AMD EPYC 7763 64-Core Processor,v1.1.3-0.20241101225313-7757ddcfc23f,v1.1.0-beta.5.0.20241113084447-e98388df44b0,1671.0650 Mbps,1125.7524 Mbps,104 ms
2024-11-13T12:11:46Z,linux,amd64,AMD EPYC 7763 64-Core Processor,v1.1.3-0.20241101225313-7757ddcfc23f,v1.1.0-beta.5.0.20241113084447-e98388df44b0,1740.9763 Mbps,1126.4359 Mbps,103 ms
2024-11-13T15:09:09Z,linux,amd64,AMD EPYC 7763 64-Core Processor,v1.1.3-0.20241101225313-7757ddcfc23f,v1.1.0-beta.5.0.20241113084447-e98388df44b0,1742.8019 Mbps,1106.5873 Mbps,94 ms
2024-11-13T18:10:00Z,linux,amd64,AMD EPYC 7763 64-Core Processor,v1.1.3-0.20241101225313-7757ddcfc23f,v1.1.0-beta.5.0.20241113084447-e98388df44b0,1747.2473 Mbps,1194.4073 Mbps,75 ms
2024-11-13T21:08:42Z,linux,amd64,AMD EPYC 7763 64-Core Processor,v1.1.3-0.20241101225313-7757ddcfc23f,v1.1.0-beta.5.0.20241113084447-e98388df44b0,1755.4254 Mbps,1140.8686 Mbps,98 ms
2024-11-14T00:22:47Z,linux,amd64,AMD EPYC 7763 64-Core Processor,v1.1.3-0.20241101225313-7757ddcfc23f,v1.1.0-beta.5.0.20241113084447-e98388df44b0,1664.0764 Mbps,1117.7085 Mbps,100 ms
2024-11-14T03:12:59Z,linux,amd64,AMD EPYC 7763 64-Core Processor,v1.1.3-0.20241101225313-7757ddcfc23f,v1.1.0-beta.5.0.20241113084447-e98388df44b0,1649.3667 Mbps,1123.8361 Mbps,111 ms
2024-11-14T06:10:43Z,linux,amd64,AMD EPYC 7763 64-Core Processor,v1.1.3-0.20241101225313-7757ddcfc23f,v1.1.0-beta.5.0.20241113084447-e98388df44b0,1589.3866 Mbps,1132.9429 Mbps,93 ms
2024-11-14T09:09:07Z,linux,amd64,AMD EPYC 7763 64-Core Processor,v1.1.3-0.20241101225313-7757ddcfc23f,v1.1.0-beta.5.0.20241113084447-e98388df44b0,1662.3885 Mbps,1163.6443 Mbps,75 ms
2024-11-14T12:12:07Z,linux,amd64,AMD EPYC 7763 64-Core Processor,v1.1.3-0.20241101225313-7757ddcfc23f,v1.1.0-beta.5.0.20241114095426-ffb07074ad92,1631.4496 Mbps,1156.2341 Mbps,63 ms
2024-11-14T15:09:38Z,linux,amd64,AMD EPYC 7763 64-Core Processor,v1.1.3-0.20241101225313-7757ddcfc23f,v1.1.0-beta.5.0.20241114144634-52c3e6ed4e3c,1696.6502 Mbps,1113.4052 Mbps,106 ms
2024-11-14T18:10:06Z,linux,amd64,AMD EPYC 7763 64-Core Processor,v1.1.3-0.20241101225313-7757ddcfc23f,v1.1.0-beta.5.0.20241114144634-52c3e6ed4e3c,1719.2523 Mbps,1158.4744 Mbps,78 ms
2024-11-14T21:08:32Z,linux,amd64,AMD EPYC 7763 64-Core Processor,v1.1.3-0.20241101225313-7757ddcfc23f,v1.1.0-beta.5.0.20241114144634-52c3e6ed4e3c,1679.7097 Mbps,1180.8622 Mbps,77 ms
2024-11-15T00:24:13Z,linux,amd64,AMD EPYC 7763 64-Core Processor,v1.1.3-0.20241101225313-7757ddcfc23f,v1.1.0-beta.5.0.20241114144634-52c3e6ed4e3c,1710.2393 Mbps,1188.8563 Mbps,75 ms
2024-11-15T03:18:20Z,linux,amd64,AMD EPYC 7763 64-Core Processor,v1.1.3-0.20241101225313-7757ddcfc23f,v1.1.0-beta.5.0.20241114144634-52c3e6ed4e3c,1635.3876 Mbps,1136.6489 Mbps,98 ms
2024-11-15T06:11:17Z,linux,amd64,AMD EPYC 7763 64-Core Processor,v1.1.3-0.20241101225313-7757ddcfc23f,v1.1.0-beta.5.0.20241114144634-52c3e6ed4e3c,1493.2772 Mbps,1144.1090 Mbps,113 ms
2024-11-15T09:09:20Z,linux,amd64,AMD EPYC 7763 64-Core Processor,v1.1.3-0.20241101225313-7757ddcfc23f,v1.1.0-beta.5.0.20241114144634-52c3e6ed4e3c,1626.6446 Mbps,1145.5824 Mbps,83 ms
2024-11-15T12:12:00Z,linux,amd64,AMD EPYC 7763 64-Core Processor,v1.1.3-0.20241101225313-7757ddcfc23f,v1.1.0-beta.5.0.20241114144634-52c3e6ed4e3c,789.3247 Mbps,1151.9847 Mbps,119 ms
2024-11-15T15:09:15Z,linux,amd64,AMD EPYC 7763 64-Core Processor,v1.1.3-0.20241101225313-7757ddcfc23f,v1.1.0-beta.5.0.20241114144634-52c3e6ed4e3c,1674.6902 Mbps,1123.7339 Mbps,112 ms
2024-11-15T18:10:21Z,linux,amd64,AMD EPYC 7763 64-Core Processor,v1.1.3-0.20241101225313-7757ddcfc23f,v1.1.0-beta.5.0.20241114144634-52c3e6ed4e3c,1627.3347 Mbps,1153.0609 Mbps,75 ms
2024-11-15T21:08:44Z,linux,amd64,AMD EPYC 7763 64-Core Processor,v1.1.3-0.20241101225313-7757ddcfc23f,v1.1.0-beta.5.0.20241114144634-52c3e6ed4e3c,1630.6804 Mbps,1137.4019 Mbps,108 ms
2024-11-16T00:23:34Z,linux,amd64,AMD EPYC 7763 64-Core Processor,v1.1.3-0.20241101225313-7757ddcfc23f,v1.1.0-beta.5.0.20241114144634-52c3e6ed4e3c,1764.0250 Mbps,1159.0452 Mbps,79 ms
2024-11-16T03:16:58Z,linux,amd64,AMD EPYC 7763 64-Core Processor,v1.1.3-0.20241101225313-7757ddcfc23f,v1.1.0-beta.5.0.20241114144634-52c3e6ed4e3c,1503.7023 Mbps,1116.5071 Mbps,118 ms
2024-11-16T06:10:08Z,linux,amd64,AMD EPYC 7763 64-Core Processor,v1.1.3-0.20241101225313-7757ddcfc23f,v1.1.0-beta.5.0.20241114144634-52c3e6ed4e3c,1661.4275 Mbps,1164.6140 Mbps,114 ms
2024-11-16T09:08:41Z,linux,amd64,AMD EPYC 7763 64-Core Processor,v1.1.3-0.20241101225313-7757ddcfc23f,v1.1.0-beta.5.0.20241114144634-52c3e6ed4e3c,1699.9429 Mbps,1177.8427 Mbps,57 ms
2024-11-16T12:11:07Z,linux,amd64,AMD EPYC 7763 64-Core Processor,v1.1.3-0.20241101225313-7757ddcfc23f,v1.1.0-beta.5.0.20241114144634-52c3e6ed4e3c,1667.9496 Mbps,1117.3164 Mbps,109 ms
2024-11-16T15:08:46Z,linux,amd64,AMD EPYC 7763 64-Core Processor,v1.1.3-0.20241101225313-7757ddcfc23f,v1.1.0-beta.5.0.20241114144634-52c3e6ed4e3c,1669.3668 Mbps,1117.5909 Mbps,125 ms
2024-11-16T18:09:43Z,linux,amd64,AMD EPYC 7763 64-Core Processor,v1.1.3-0.20241101225313-7757ddcfc23f,v1.1.0-beta.5.0.20241114144634-52c3e6ed4e3c,1627.1641 Mbps,1159.8182 Mbps,77 ms
2024-11-16T21:08:38Z,linux,amd64,AMD EPYC 7763 64-Core Processor,v1.1.3-0.20241101225313-7757ddcfc23f,v1.1.0-beta.5.0.20241114144634-52c3e6ed4e3c,1668.5902 Mbps,1124.7763 Mbps,118 ms
2024-11-17T00:25:19Z,linux,amd64,AMD EPYC 7763 64-Core Processor,v1.1.3-0.20241101225313-7757ddcfc23f,v1.1.0-beta.5.0.20241114144634-52c3e6ed4e3c,1739.6404 Mbps,1180.2505 Mbps,73 ms
2024-11-17T03:20:59Z,linux,amd64,AMD EPYC 7763 64-Core Processor,v1.1.3-0.20241101225313-7757ddcfc23f,v1.1.0-beta.5.0.20241114144634-52c3e6ed4e3c,1664.5596 Mbps,1225.0946 Mbps,69 ms
2024-11-17T06:10:08Z,linux,amd64,AMD EPYC 7763 64-Core Processor,v1.1.3-0.20241101225313-7757ddcfc23f,v1.1.0-beta.5.0.20241114144634-52c3e6ed4e3c,1628.6989 Mbps,1132.9065 Mbps,117 ms
2024-11-17T09:09:01Z,linux,amd64,AMD EPYC 7763 64-Core Processor,v1.1.3-0.20241101225313-7757ddcfc23f,v1.1.0-beta.5.0.20241114144634-52c3e6ed4e3c,1697.2830 Mbps,1142.4917 Mbps,107 ms
2024-11-17T12:11:00Z,linux,amd64,AMD EPYC 7763 64-Core Processor,v1.1.3-0.20241101225313-7757ddcfc23f,v1.1.0-beta.5.0.20241114144634-52c3e6ed4e3c,1737.4294 Mbps,1171.3115 Mbps,70 ms
2024-11-17T15:08:17Z,linux,amd64,AMD EPYC 7763 64-Core Processor,v1.1.3-0.20241101225313-7757ddcfc23f,v1.1.0-beta.5.0.20241114144634-52c3e6ed4e3c,1775.8063 Mbps,1155.8907 Mbps,71 ms
2024-11-17T18:09:18Z,linux,amd64,AMD EPYC 7763 64-Core Processor,v1.1.3-0.20241101225313-7757ddcfc23f,v1.1.0-beta.5.0.20241114144634-52c3e6ed4e3c,1800.0802 Mbps,1154.0205 Mbps,105 ms
2024-11-17T21:30:56Z,linux,amd64,AMD EPYC 7763 64-Core Processor,v1.1.3-0.20241101225313-7757ddcfc23f,v1.1.0-beta.5.0.20241114144634-52c3e6ed4e3c,1789.6435 Mbps,1112.9658 Mbps,115 ms
2024-11-18T00:24:46Z,linux,amd64,AMD EPYC 7763 64-Core Processor,v1.1.3-0.20241101225313-7757ddcfc23f,v1.1.0-beta.5.0.20241114144634-52c3e6ed4e3c,1668.5810 Mbps,1173.1729 Mbps,71 ms
2024-11-18T03:21:00Z,linux,amd64,AMD EPYC 7763 64-Core Processor,v1.1.3-0.20241101225313-7757ddcfc23f,v1.1.0-beta.5.0.20241114144634-52c3e6ed4e3c,1655.8235 Mbps,1133.9017 Mbps,112 ms
2024-11-18T06:10:55Z,linux,amd64,AMD EPYC 7763 64-Core Processor,v1.1.3-0.20241101225313-7757ddcfc23f,v1.1.0-beta.5.0.20241114144634-52c3e6ed4e3c,1700.5995 Mbps,1153.9572 Mbps,116 ms
2024-11-18T09:09:40Z,linux,amd64,AMD EPYC 7763 64-Core Processor,v1.1.3-0.20241101225313-7757ddcfc23f,v1.1.0-beta.5.0.20241114144634-52c3e6ed4e3c,1613.9288 Mbps,1122.2983 Mbps,116 ms
2024-11-18T12:12:14Z,linux,amd64,AMD EPYC 7763 64-Core Processor,v1.1.3-0.20241101225313-7757ddcfc23f,v1.1.0-beta.5.0.20241114144634-52c3e6ed4e3c,1645.3731 Mbps,1144.8923 Mbps,102 ms
2024-11-18T15:09:16Z,linux,amd64,AMD EPYC 7763 64-Core Processor,v1.1.3-0.20241101225313-7757ddcfc23f,v1.1.0-beta.5.0.20241114144634-52c3e6ed4e3c,1614.0683 Mbps,1140.0407 Mbps,102 ms
2024-11-18T18:10:12Z,linux,amd64,AMD EPYC 7763 64-Core Processor,v1.1.3-0.20241101225313-7757ddcfc23f,v1.1.0-beta.5.0.20241114144634-52c3e6ed4e3c,1646.9554 Mbps,1122.5521 Mbps,106 ms
2024-11-18T21:08:57Z,linux,amd64,AMD EPYC 7763 64-Core Processor,v1.1.3-0.20241118190535-0304bf204265,v1.1.0-beta.5.0.20241114144634-52c3e6ed4e3c,1782.5535 Mbps,1185.7852 Mbps,91 ms
2024-11-19T00:23:51Z,linux,amd64,AMD EPYC 7763 64-Core Processor,v1.1.3-0.20241118190535-0304bf204265,v1.1.0-beta.5.0.20241114144634-52c3e6ed4e3c,1670.0153 Mbps,1147.8011 Mbps,113 ms
2024-11-19T03:18:25Z,linux,amd64,AMD EPYC 7763 64-Core Processor,v1.1.3-0.20241118190535-0304bf204265,v1.1.0-beta.5.0.20241114144634-52c3e6ed4e3c,1744.1247 Mbps,1162.3653 Mbps,65 ms
2024-11-19T06:10:49Z,linux,amd64,AMD EPYC 7763 64-Core Processor,v1.1.3-0.20241118190535-0304bf204265,v1.1.0-beta.5.0.20241114144634-52c3e6ed4e3c,1649.4157 Mbps,1140.0481 Mbps,79 ms
2024-11-19T09:10:09Z,linux,amd64,AMD EPYC 7763 64-Core Processor,v1.1.3-0.20241118190535-0304bf204265,v1.1.0-beta.5.0.20241114144634-52c3e6ed4e3c,1765.1625 Mbps,1141.3558 Mbps,116 ms
2024-11-19T12:12:18Z,linux,amd64,AMD EPYC 7763 64-Core Processor,v1.1.3-0.20241118190535-0304bf204265,v1.1.0-beta.5.0.20241119093818-6a1d30fca4be,1687.2317 Mbps,1153.4609 Mbps,101 ms
2024-11-19T15:09:11Z,linux,amd64,AMD EPYC 7763 64-Core Processor,v1.1.3-0.20241118190535-0304bf204265,v1.1.0-beta.5.0.20241119093818-6a1d30fca4be,1699.6992 Mbps,1127.5477 Mbps,107 ms
2024-11-19T18:11:16Z,linux,amd64,AMD EPYC 7763 64-Core Processor,v1.1.3-0.20241118190535-0304bf204265,v1.1.0-beta.5.0.20241119151201-266c4bb4d9b4,1645.5470 Mbps,1147.3155 Mbps,91 ms
2024-11-19T21:08:38Z,linux,amd64,AMD EPYC 7763 64-Core Processor,v1.1.3-0.20241118190535-0304bf204265,v1.1.0-beta.5.0.20241119151201-266c4bb4d9b4,1659.3911 Mbps,1130.1046 Mbps,108 ms
2024-11-20T00:23:40Z,linux,amd64,AMD EPYC 7763 64-Core Processor,v1.1.3-0.20241118190535-0304bf204265,v1.1.0-beta.5.0.20241119151201-266c4bb4d9b4,1741.5998 Mbps,1166.6126 Mbps,124 ms
2024-11-20T03:17:39Z,linux,amd64,AMD EPYC 7763 64-Core Processor,v1.1.3-0.20241118190535-0304bf204265,v1.1.0-beta.5.0.20241119151201-266c4bb4d9b4,1622.4484 Mbps,1167.3858 Mbps,78 ms
2024-11-20T06:10:54Z,linux,amd64,AMD EPYC 7763 64-Core Processor,v1.1.3-0.20241118190535-0304bf204265,v1.1.0-beta.5.0.20241119151201-266c4bb4d9b4,1596.0174 Mbps,1151.6223 Mbps,76 ms
2024-11-20T09:09:20Z,linux,amd64,AMD EPYC 7763 64-Core Processor,v1.1.3-0.20241118190535-0304bf204265,v1.1.0-beta.5.0.20241119151201-266c4bb4d9b4,1684.2816 Mbps,1154.0916 Mbps,112 ms
2024-12-12T22:19:08Z,linux,amd64,AMD EPYC 7763 64-Core Processor,v1.1.3-0.20241212215223-9e3440475bed,v1.1.1-0.20241212160145-9b05f245be23,1648.1502 Mbps,1203.7748 Mbps,68 ms
2024-12-13T18:10:19Z,linux,amd64,AMD EPYC 7763 64-Core Processor,v1.1.3-0.20241212215223-9e3440475bed,v1.1.1-0.20241213102558-8695ad2b5913,1642.7698 Mbps,1154.4278 Mbps,85 ms
2024-12-13T21:08:28Z,linux,amd64,AMD EPYC 7763 64-Core Processor,v1.1.3-0.20241212215223-9e3440475bed,v1.1.1-0.20241213102558-8695ad2b5913,1741.8376 Mbps,1111.6570 Mbps,115 ms
2024-12-14T00:24:10Z,linux,amd64,AMD EPYC 7763 64-Core Processor,v1.1.3-0.20241212215223-9e3440475bed,v1.1.1-0.20241213102558-8695ad2b5913,1706.8517 Mbps,1188.6190 Mbps,63 ms
2024-12-14T03:19:12Z,linux,amd64,AMD EPYC 7763 64-Core Processor,v1.1.3-0.20241212215223-9e3440475bed,v1.1.1-0.20241213102558-8695ad2b5913,1693.0320 Mbps,1179.2743 Mbps,62 ms
2024-12-14T06:09:58Z,linux,amd64,AMD EPYC 7763 64-Core Processor,v1.1.3-0.20241212215223-9e3440475bed,v1.1.1-0.20241213102558-8695ad2b5913,1753.1748 Mbps,1147.1062 Mbps,74 ms
2024-12-14T09:08:55Z,linux,amd64,AMD EPYC 7763 64-Core Processor,v1.1.3-0.20241212215223-9e3440475bed,v1.1.1-0.20241213102558-8695ad2b5913,1713.9268 Mbps,1114.5268 Mbps,117 ms
2024-12-14T12:10:58Z,linux,amd64,AMD EPYC 7763 64-Core Processor,v1.1.3-0.20241212215223-9e3440475bed,v1.1.1-0.20241213102558-8695ad2b5913,1788.0859 Mbps,1130.6180 Mbps,118 ms
2024-12-14T15:08:46Z,linux,amd64,AMD EPYC 7763 64-Core Processor,v1.1.3-0.20241212215223-9e3440475bed,v1.1.1-0.20241213102558-8695ad2b5913,1617.1047 Mbps,1149.7847 Mbps,73 ms
2024-12-14T18:09:41Z,linux,amd64,AMD EPYC 7763 64-Core Processor,v1.1.3-0.20241212215223-9e3440475bed,v1.1.1-0.20241213102558-8695ad2b5913,1733.4351 Mbps,1145.5877 Mbps,104 ms
2024-12-14T21:08:18Z,linux,amd64,AMD EPYC 7763 64-Core Processor,v1.1.3-0.20241212215223-9e3440475bed,v1.1.1-0.20241213102558-8695ad2b5913,1644.0615 Mbps,1148.0491 Mbps,111 ms
2024-12-15T00:26:49Z,linux,amd64,AMD EPYC 7763 64-Core Processor,v1.1.3-0.20241214234635-4ac499133f6e,v1.1.1-0.20241213102558-8695ad2b5913,1687.8538 Mbps,1171.8295 Mbps,85 ms
2024-12-15T03:24:05Z,linux,amd64,AMD EPYC 7763 64-Core Processor,v1.1.3-0.20241214234635-4ac499133f6e,v1.1.1-0.20241213102558-8695ad2b5913,1683.6989 Mbps,1169.8682 Mbps,79 ms
2024-12-15T06:10:09Z,linux,amd64,AMD EPYC 7763 64-Core Processor,v1.1.3-0.20241215033516-f0c756ac5571,v1.1.1-0.20241213102558-8695ad2b5913,1672.5316 Mbps,1177.0265 Mbps,87 ms
2024-12-15T09:08:59Z,linux,amd64,AMD EPYC 7763 64-Core Processor,v1.1.3-0.20241215033516-f0c756ac5571,v1.1.1-0.20241213102558-8695ad2b5913,1742.1837 Mbps,1147.9351 Mbps,86 ms
2024-12-15T12:11:29Z,linux,amd64,AMD EPYC 7763 64-Core Processor,v1.1.3-0.20241215033516-f0c756ac5571,v1.1.1-0.20241213102558-8695ad2b5913,1724.7199 Mbps,1144.3283 Mbps,80 ms
2024-12-15T15:08:35Z,linux,amd64,AMD EPYC 7763 64-Core Processor,v1.1.3-0.20241215033516-f0c756ac5571,v1.1.1-0.20241213102558-8695ad2b5913,1624.8677 Mbps,1168.6421 Mbps,56 ms
2024-12-15T18:09:45Z,linux,amd64,AMD EPYC 7763 64-Core Processor,v1.1.3-0.20241215033516-f0c756ac5571,v1.1.1-0.20241213102558-8695ad2b5913,1682.2628 Mbps,1182.0236 Mbps,67 ms
2024-12-15T21:08:41Z,linux,amd64,AMD EPYC 7763 64-Core Processor,v1.1.3-0.20241215033516-f0c756ac5571,v1.1.1-0.20241213102558-8695ad2b5913,1734.6794 Mbps,1145.1037 Mbps,87 ms
2024-12-16T00:25:48Z,linux,amd64,AMD EPYC 7763 64-Core Processor,v1.1.3-0.20241215033516-f0c756ac5571,v1.1.1-0.20241213102558-8695ad2b5913,1676.8092 Mbps,1135.1658 Mbps,70 ms
2024-12-16T03:24:11Z,linux,amd64,AMD EPYC 7763 64-Core Processor,v1.1.3-0.20241215033516-f0c756ac5571,v1.1.1-0.20241213102558-8695ad2b5913,1694.3806 Mbps,1097.7470 Mbps,77 ms
2024-12-16T06:11:10Z,linux,amd64,AMD EPYC 7763 64-Core Processor,v1.1.3-0.20241215033516-f0c756ac5571,v1.1.1-0.20241213102558-8695ad2b5913,1639.9443 Mbps,1161.3956 Mbps,81 ms
2024-12-16T09:09:50Z,linux,amd64,AMD EPYC 7763 64-Core Processor,v1.1.3-0.20241215033516-f0c756ac5571,v1.1.1-0.20241216062820-c5c89a7760d2,1706.0799 Mbps,1155.1863 Mbps,86 ms
2025-01-07T16:28:14Z,linux,amd64,AMD EPYC 7763 64-Core Processor,v1.1.3-0.20250107045637-02030327f2a0,v1.1.2-0.20250107100854-595eedd003ca,1732.1015 Mbps,1126.1979 Mbps,85 ms
2025-01-07T18:10:27Z,linux,amd64,AMD EPYC 7763 64-Core Processor,v1.1.3-0.20250107045637-02030327f2a0,v1.1.2-0.20250107100854-595eedd003ca,1627.2618 Mbps,1131.2844 Mbps,113 ms
2025-01-07T21:08:36Z,linux,amd64,AMD EPYC 7763 64-Core Processor,v1.1.3-0.20250107205605-b31f18c563e8,v1.1.2-0.20250107100854-595eedd003ca,1561.9144 Mbps,1138.0406 Mbps,89 ms
2025-01-08T00:23:02Z,linux,amd64,AMD EPYC 7763 64-Core Processor,v1.1.3-0.20250107213558-dc284a39f800,v1.1.2-0.20250107100854-595eedd003ca,1690.0590 Mbps,1107.9299 Mbps,114 ms
2025-01-08T03:12:39Z,linux,amd64,AMD EPYC 7763 64-Core Processor,v1.1.3-0.20250108030037-a004740e3448,v1.1.2-0.20250107100854-595eedd003ca,1507.3449 Mbps,1134.5658 Mbps,92 ms
2025-01-08T06:10:13Z,linux,amd64,AMD EPYC 7763 64-Core Processor,v1.1.3-0.20250108030037-a004740e3448,v1.1.2-0.20250107100854-595eedd003ca,1727.5911 Mbps,1166.0381 Mbps,89 ms
2025-01-08T09:09:10Z,linux,amd64,AMD EPYC 7763 64-Core Processor,v1.1.3-0.20250108030037-a004740e3448,v1.1.2-0.20250107100854-595eedd003ca,1645.2649 Mbps,1103.7928 Mbps,122 ms
2025-01-08T12:11:39Z,linux,amd64,AMD EPYC 7763 64-Core Processor,v1.1.3-0.20250108030037-a004740e3448,v1.1.2-0.20250108094708-970a161a1ee2,1776.1916 Mbps,1107.7804 Mbps,113 ms
2025-01-08T15:08:53Z,linux,amd64,AMD EPYC 7763 64-Core Processor,v1.1.3-0.20250108030037-a004740e3448,v1.1.2-0.20250108094708-970a161a1ee2,1681.2584 Mbps,1127.7039 Mbps,69 ms
2025-01-08T18:10:16Z,linux,amd64,AMD EPYC 7763 64-Core Processor,v1.1.3-0.20250108030037-a004740e3448,v1.1.2-0.20250108094708-970a161a1ee2,1609.8634 Mbps,1084.6429 Mbps,129 ms
2025-01-08T21:08:36Z,linux,amd64,AMD EPYC 7763 64-Core Processor,v1.1.3-0.20250108030037-a004740e3448,v1.1.2-0.20250108094708-970a161a1ee2,1631.8964 Mbps,1133.8247 Mbps,110 ms
2025-01-09T00:23:07Z,linux,amd64,AMD EPYC 7763 64-Core Processor,v1.1.3-0.20250108213357-d804105a55d4,v1.1.2-0.20250108094708-970a161a1ee2,1645.4344 Mbps,1124.8168 Mbps,79 ms
2025-01-09T03:24:57Z,linux,amd64,AMD EPYC 7763 64-Core Processor,v1.1.3-0.20250108213357-d804105a55d4,v1.1.2-0.20250108094708-970a161a1ee2,1677.5654 Mbps,1108.4979 Mbps,106 ms
2025-01-09T06:10:35Z,linux,amd64,AMD EPYC 7763 64-Core Processor,v1.1.3-0.20250108213357-d804105a55d4,v1.1.2-0.20250108094708-970a161a1ee2,1587.7538 Mbps,1128.1958 Mbps,79 ms
2025-01-09T09:09:22Z,linux,amd64,AMD EPYC 7763 64-Core Processor,v1.1.3-0.20250108213357-d804105a55d4,v1.1.2-0.20250108094708-970a161a1ee2,1649.8876 Mbps,1134.4894 Mbps,90 ms
2025-01-09T12:11:25Z,linux,amd64,AMD EPYC 7763 64-Core Processor,v1.1.3-0.20250108213357-d804105a55d4,v1.1.2-0.20250109105545-63fb0ba3afff,1677.3654 Mbps,1116.8912 Mbps,92 ms
2025-01-09T15:09:29Z,linux,amd64,AMD EPYC 7763 64-Core Processor,v1.1.3-0.20250108213357-d804105a55d4,v1.1.2-0.20250109143708-a78290f6258d,1680.2549 Mbps,1135.1460 Mbps,60 ms
2025-01-09T18:10:30Z,linux,amd64,AMD EPYC 7763 64-Core Processor,v1.1.3-0.20250109165545-49c373fa1c46,v1.1.2-0.20250109165830-07c6f41020e2,1690.5367 Mbps,1186.8000 Mbps,78 ms
2025-01-09T21:08:43Z,linux,amd64,AMD EPYC 7763 64-Core Processor,v1.1.3-0.20250109165545-49c373fa1c46,v1.1.2-0.20250109165830-07c6f41020e2,1726.6233 Mbps,1184.0020 Mbps,87 ms
2025-01-10T00:23:34Z,linux,amd64,AMD EPYC 7763 64-Core Processor,v1.1.3-0.20250109165545-49c373fa1c46,v1.1.2-0.20250109165830-07c6f41020e2,1762.2350 Mbps,1183.3955 Mbps,90 ms
2025-01-10T03:15:02Z,linux,amd64,AMD EPYC 7763 64-Core Processor,v1.1.3-0.20250109165545-49c373fa1c46,v1.1.2-0.20250109165830-07c6f41020e2,1660.6959 Mbps,1117.4539 Mbps,73 ms
2025-01-10T06:10:33Z,linux,amd64,AMD EPYC 7763 64-Core Processor,v1.1.3-0.20250109165545-49c373fa1c46,v1.1.2-0.20250109165830-07c6f41020e2,1746.4638 Mbps,1107.1501 Mbps,81 ms
2025-01-10T18:10:13Z,linux,amd64,AMD EPYC 7763 64-Core Processor,v1.1.3-0.20250109165545-49c373fa1c46,v1.1.2-0.20250110150645-51a18d21b9ff,1599.6484 Mbps,1048.2403 Mbps,127 ms
2025-01-10T21:08:29Z,linux,amd64,AMD EPYC 7763 64-Core Processor,v1.1.3-0.20250109165545-49c373fa1c46,v1.1.2-0.20250110150645-51a18d21b9ff,1547.5785 Mbps,1125.5155 Mbps,86 ms
2025-01-11T00:23:12Z,linux,amd64,AMD EPYC 7763 64-Core Processor,v1.1.3-0.20250109165545-49c373fa1c46,v1.1.2-0.20250110150645-51a18d21b9ff,1673.5334 Mbps,1167.1936 Mbps,81 ms
2025-01-11T03:12:50Z,linux,amd64,AMD EPYC 7763 64-Core Processor,v1.1.3-0.20250109165545-49c373fa1c46,v1.1.2-0.20250110150645-51a18d21b9ff,1737.4008 Mbps,1151.8918 Mbps,72 ms
2025-01-11T06:10:03Z,linux,amd64,AMD EPYC 7763 64-Core Processor,v1.1.3-0.20250109165545-49c373fa1c46,v1.1.2-0.20250110150645-51a18d21b9ff,1609.7305 Mbps,1146.9919 Mbps,75 ms
2025-01-11T09:08:33Z,linux,amd64,AMD EPYC 7763 64-Core Processor,v1.1.3-0.20250111080945-f368cce36c9d,v1.1.2-0.20250110150645-51a18d21b9ff,1588.5804 Mbps,1156.8254 Mbps,90 ms
2025-01-11T12:11:04Z,linux,amd64,AMD EPYC 7763 64-Core Processor,v1.1.3-0.20250111080945-f368cce36c9d,v1.1.2-0.20250110150645-51a18d21b9ff,1603.3535 Mbps,1151.2028 Mbps,83 ms
2025-01-11T15:08:26Z,linux,amd64,AMD EPYC 7763 64-Core Processor,v1.1.3-0.20250111080945-f368cce36c9d,v1.1.2-0.20250110150645-51a18d21b9ff,1622.4974 Mbps,1160.8087 Mbps,79 ms
2025-01-11T18:09:48Z,linux,amd64,AMD EPYC 7763 64-Core Processor,v1.1.3-0.20250111080945-f368cce36c9d,v1.1.2-0.20250110150645-51a18d21b9ff,1673.5926 Mbps,1097.9518 Mbps,115 ms
2025-01-11T21:08:27Z,linux,amd64,AMD EPYC 7763 64-Core Processor,v1.1.3-0.20250111205333-17407edfb32b,v1.1.2-0.20250110150645-51a18d21b9ff,1679.4452 Mbps,1129.2263 Mbps,72 ms
2025-01-12T00:25:21Z,linux,amd64,AMD EPYC 7763 64-Core Processor,v1.1.3-0.20250111205333-17407edfb32b,v1.1.2-0.20250110150645-51a18d21b9ff,1567.1664 Mbps,1133.7103 Mbps,78 ms
2025-01-12T03:17:35Z,linux,amd64,AMD EPYC 7763 64-Core Processor,v1.1.3-0.20250111205333-17407edfb32b,v1.1.2-0.20250110150645-51a18d21b9ff,1617.4445 Mbps,1151.7585 Mbps,81 ms
2025-01-12T06:10:05Z,linux,amd64,AMD EPYC 7763 64-Core Processor,v1.1.3-0.20250111205333-17407edfb32b,v1.1.2-0.20250110150645-51a18d21b9ff,1705.1390 Mbps,1102.8318 Mbps,119 ms
2025-01-12T09:08:53Z,linux,amd64,AMD EPYC 7763 64-Core Processor,v1.1.3-0.20250111205333-17407edfb32b,v1.1.2-0.20250110150645-51a18d21b9ff,1620.3208 Mbps,1138.6416 Mbps,89 ms
2025-01-12T12:11:05Z,linux,amd64,AMD EPYC 7763 64-Core Processor,v1.1.3-0.20250111205333-17407edfb32b,v1.1.2-0.20250110150645-51a18d21b9ff,1668.1863 Mbps,1192.2425 Mbps,70 ms
2025-01-12T15:08:22Z,linux,amd64,AMD EPYC 7763 64-Core Processor,v1.1.3-0.20250111205333-17407edfb32b,v1.1.2-0.20250110150645-51a18d21b9ff,1636.9140 Mbps,1139.9216 Mbps,124 ms
2025-01-12T18:09:28Z,linux,amd64,AMD EPYC 7763 64-Core Processor,v1.1.3-0.20250111205333-17407edfb32b,v1.1.2-0.20250110150645-51a18d21b9ff,1647.1194 Mbps,1139.4690 Mbps,76 ms
2025-01-12T21:08:21Z,linux,amd64,AMD EPYC 7763 64-Core Processor,v1.1.3-0.20250111205333-17407edfb32b,v1.1.2-0.20250110150645-51a18d21b9ff,1616.5329 Mbps,1118.3343 Mbps,126 ms
2025-01-13T00:24:50Z,linux,amd64,AMD EPYC 7763 64-Core Processor,v1.1.3-0.20250111205333-17407edfb32b,v1.1.2-0.20250110150645-51a18d21b9ff,1661.6152 Mbps,1143.0154 Mbps,85 ms
2025-01-13T03:16:30Z,linux,amd64,AMD EPYC 7763 64-Core Processor,v1.1.3-0.20250111205333-17407edfb32b,v1.1.2-0.20250110150645-51a18d21b9ff,1677.4502 Mbps,1134.6867 Mbps,74 ms
2025-01-13T06:10:45Z,linux,amd64,AMD EPYC 7763 64-Core Processor,v1.1.3-0.20250111205333-17407edfb32b,v1.1.2-0.20250110150645-51a18d21b9ff,1734.1990 Mbps,1139.2670 Mbps,63 ms
2025-01-13T09:09:38Z,linux,amd64,AMD EPYC 7763 64-Core Processor,v1.1.3-0.20250111205333-17407edfb32b,v1.1.2-0.20250113084516-9df69c5a6616,1680.4386 Mbps,1106.2558 Mbps,114 ms
2025-01-13T12:12:15Z,linux,amd64,AMD EPYC 7763 64-Core Processor,v1.1.3-0.20250111205333-17407edfb32b,v1.1.2-0.20250113105830-917a62d8a431,1682.0805 Mbps,1158.7410 Mbps,74 ms
2025-01-13T15:09:23Z,linux,amd64,AMD EPYC 7763 64-Core Processor,v1.1.3-0.20250111205333-17407edfb32b,v1.1.2-0.20250113105830-917a62d8a431,1607.8880 Mbps,1106.8452 Mbps,78 ms
2025-01-13T18:10:30Z,linux,amd64,AMD EPYC 7763 64-Core Processor,v1.1.3-0.20250113174516-ab68eca83f1b,v1.1.2-0.20250113155257-17662c1bccaa,1642.2226 Mbps,1127.1728 Mbps,119 ms
2025-01-13T21:08:28Z,linux,amd64,AMD EPYC 7763 64-Core Processor,v1.1.3-0.20250113192150-9e582b666291,v1.1.2-0.20250113155257-17662c1bccaa,1660.9935 Mbps,1139.9962 Mbps,74 ms
2025-01-14T00:25:50Z,linux,amd64,AMD EPYC 7763 64-Core Processor,v1.1.3-0.20250113192150-9e582b666291,v1.1.2-0.20250113155257-17662c1bccaa,1690.9255 Mbps,1127.5235 Mbps,78 ms
2025-01-14T03:08:47Z,linux,amd64,AMD EPYC 7763 64-Core Processor,v1.1.3-0.20250113192150-9e582b666291,v1.1.2-0.20250113155257-17662c1bccaa,1749.7275 Mbps,1186.8985 Mbps,79 ms
2025-01-14T06:10:08Z,linux,amd64,AMD EPYC 7763 64-Core Processor,v1.1.3-0.20250113192150-9e582b666291,v1.1.2-0.20250113155257-17662c1bccaa,1714.2565 Mbps,1143.1475 Mbps,79 ms
2025-01-14T09:09:09Z,linux,amd64,AMD EPYC 7763 64-Core Processor,v1.1.3-0.20250113192150-9e582b666291,v1.1.2-0.20250113155257-17662c1bccaa,1730.3804 Mbps,1123.8368 Mbps,80 ms
